{
  "metrics": {
    "MAE": "0.026774423",
    "MSE": "0.0012952413",
    "RMSE": "0.03598946",
    "MAPE": 6.540420651435852,
    "R2": 0.5816486775875092
  },
  "predictions": [
    204.7835368526075,
    202.59895466235682,
    202.22498602506354,
    202.47693137816302,
    202.46794679184902,
    202.05295960802138,
    200.8813543627052,
    200.28106641530573,
    200.22309136085002,
    199.99637542373372,
    200.75228743288514,
    201.01783624854394,
    201.3019562097397,
    201.0730489787165,
    200.59917534219719,
    200.1096222804699,
    199.4783861744522,
    198.27272445245987,
    197.54726833436095,
    198.1999673062446,
    199.02032135918668,
    199.431378841361,
    199.94942997570794,
    200.33624538998808,
    200.34032417838986,
    201.44725671739886,
    203.4645354462809,
    206.57020369821018,
    209.31429720367257,
    210.49078855619834,
    210.74543153555803,
    211.25503254551947,
    211.99512729454452,
    211.84863409289753,
    210.74884084007041,
    210.34703236221682,
    210.32196047185468
  ],
  "targets": [
    195.27000481979164,
    200.2100054824741,
    200.41999838714307,
    199.94999819312667,
    200.85000676411934,
    201.69999813747606,
    203.27000536909097,
    202.82000811598843,
    200.63000535659964,
    203.91999827584183,
    201.44999653802185,
    202.66999871744335,
    198.77999914655354,
    199.19999620772157,
    196.4499983044279,
    198.41999684333948,
    195.6399987481113,
    196.58000194910161,
    200.9999992849193,
    201.4999996708702,
    200.30000324532008,
    201.5599972417817,
    200.9999992849193,
    201.08000260970218,
    205.16999783424032,
    207.82000634958237,
    212.44000215200592,
    213.55000081471005,
    209.94999747327208,
    210.00999504418357,
    211.13999946075907,
    212.41000477302893,
    211.16000240167293,
    208.61999459009073,
    209.1100005379785,
    210.16000444272865,
    210.58000150389668
  ],
  "backtest": {
    "Total_Return": 0.03920827906167251,
    "Final_Value": 10392.082790616725,
    "Portfolio_Values": [
      10000,
      10000.0,
      10010.488631882454,
      9987.013271953076,
      10031.966498382684,
      10074.421488147475,
      10142.686669148405,
      10142.686669148405,
      10142.686669148405,
      10142.686669148405,
      10142.686669148405,
      10142.686669148405,
      10142.686669148405,
      10142.686669148405,
      10002.66474342087,
      10102.971361388996,
      9961.42191280705,
      10009.284152350967,
      10234.33761073016,
      10249.536385560963,
      10249.536385560963,
      10249.536385560963,
      10249.536385560963,
      10249.536385560963,
      10249.536385560963,
      10249.536385560963,
      10249.536385560963,
      10249.536385560963,
      10249.536385560963,
      10249.536385560963,
      10304.686243457481,
      10366.66884412002,
      10295.356824366432,
      10295.356824366432,
      10319.538524157379,
      10371.356015992817,
      10392.082790616725
    ],
    "Returns": "[ 0.          0.00104886 -0.00234508  0.00450117  0.00423197  0.00677609\n  0.          0.          0.          0.          0.          0.\n  0.         -0.01380521  0.01002799 -0.01401068  0.00480476  0.02248447\n  0.00148508  0.          0.          0.          0.          0.\n  0.          0.          0.          0.          0.          0.00538072\n  0.00601499 -0.00687897  0.          0.0023488   0.0050213   0.00199846]",
    "Trades": [
      [
        "BUY",
        200.2100054824741,
        49.94755369943475,
        1
      ],
      [
        "SELL",
        203.27000536909097,
        49.94755369943475,
        6
      ],
      [
        "BUY",
        199.19999620772157,
        50.91710272208953,
        13
      ],
      [
        "SELL",
        201.4999996708702,
        50.91710272208953,
        19
      ],
      [
        "BUY",
        210.00999504418357,
        48.804993226177565,
        29
      ],
      [
        "SELL",
        211.16000240167293,
        48.804993226177565,
        32
      ],
      [
        "BUY",
        208.61999459009073,
        49.349808701679706,
        33
      ]
    ],
    "Number_of_Trades": 7
  },
  "symbol": "AAPL"
}