{
  "metrics": {
    "MAE": "0.03179846",
    "MSE": "0.0018287657",
    "RMSE": "0.04276407",
    "MAPE": 7.571623474359512,
    "R2": 0.4066693186759949
  },
  "predictions": [
    204.5474847094874,
    202.31926792221017,
    201.52829802350604,
    201.39816216982896,
    201.30988312402675,
    200.94516630401174,
    199.83930268885976,
    198.98731692862245,
    198.54792452536455,
    198.10175852040217,
    198.59356757405928,
    198.83446081706867,
    199.15167522346925,
    199.11326710151204,
    198.83619359890005,
    198.50448120944927,
    198.00011230047218,
    196.8930306747147,
    196.07437283515625,
    196.4376156654316,
    197.12314747747084,
    197.59006185708947,
    198.1776746179107,
    198.6720884702299,
    198.8177152809612,
    199.88632971265358,
    201.8191662697886,
    204.84366663252237,
    207.74781179487078,
    209.6694696588274,
    210.6068821259432,
    211.46188618959783,
    212.34517172814319,
    212.37356572133464,
    211.4304823318616,
    210.88797534484908,
    210.68546490717924
  ],
  "targets": [
    195.27000481979164,
    200.2100054824741,
    200.41999838714307,
    199.94999819312667,
    200.85000676411934,
    201.69999813747606,
    203.27000536909097,
    202.82000811598843,
    200.63000535659964,
    203.91999827584183,
    201.44999653802185,
    202.66999871744335,
    198.77999914655354,
    199.19999620772157,
    196.4499983044279,
    198.41999684333948,
    195.6399987481113,
    196.58000194910161,
    200.9999992849193,
    201.4999996708702,
    200.30000324532008,
    201.5599972417817,
    200.9999992849193,
    201.08000260970218,
    205.16999783424032,
    207.82000634958237,
    212.44000215200592,
    213.55000081471005,
    209.94999747327208,
    210.00999504418357,
    211.13999946075907,
    212.41000477302893,
    211.16000240167293,
    208.61999459009073,
    209.1100005379785,
    210.16000444272865,
    210.240004954554
  ],
  "backtest": {
    "Total_Return": 0.012295182640341773,
    "Final_Value": 10122.951826403418,
    "Portfolio_Values": [
      10000,
      10000.0,
      10010.488631882454,
      9987.013271953076,
      10031.966498382684,
      10074.421488147475,
      10142.686669148405,
      10142.686669148405,
      10142.686669148405,
      10142.686669148405,
      10142.686669148405,
      10142.686669148405,
      10142.686669148405,
      10142.686669148405,
      9992.66207867745,
      9992.66207867745,
      9842.80547947076,
      9842.80547947076,
      10054.051637219041,
      10054.051637219041,
      10054.051637219041,
      10054.051637219041,
      10054.051637219041,
      10054.051637219041,
      10054.051637219041,
      10054.051637219041,
      10054.051637219041,
      10054.051637219041,
      10054.051637219041,
      10054.051637219041,
      10054.051637219041,
      10114.52667284334,
      10044.949131905381,
      10044.949131905381,
      10068.542674942973,
      10119.099841489935,
      10122.951826403418
    ],
    "Returns": "[ 0.          0.00104886 -0.00234508  0.00450117  0.00423197  0.00677609\n  0.          0.          0.          0.          0.          0.\n  0.         -0.01479141  0.         -0.01499666  0.          0.02146199\n  0.          0.          0.          0.          0.          0.\n  0.          0.          0.          0.          0.          0.\n  0.00601499 -0.00687897  0.          0.0023488   0.0050213   0.00038066]",
    "Trades": [
      [
        "BUY",
        200.2100054824741,
        49.94755369943475,
        1
      ],
      [
        "SELL",
        203.27000536909097,
        49.94755369943475,
        6
      ],
      [
        "BUY",
        199.19999620772157,
        50.91710272208953,
        13
      ],
      [
        "SELL",
        196.4499983044279,
        50.91710272208953,
        14
      ],
      [
        "BUY",
        198.41999684333948,
        50.36116438690933,
        15
      ],
      [
        "SELL",
        195.6399987481113,
        50.36116438690933,
        16
      ],
      [
        "BUY",
        196.58000194910161,
        50.07022780485705,
        17
      ],
      [
        "SELL",
        200.9999992849193,
        50.07022780485705,
        18
      ],
      [
        "BUY",
        211.13999946075907,
        47.61793910626401,
        30
      ],
      [
        "SELL",
        211.16000240167293,
        47.61793910626401,
        32
      ],
      [
        "BUY",
        208.61999459009073,
        48.149503366838395,
        33
      ]
    ],
    "Number_of_Trades": 11
  },
  "symbol": "AAPL"
}