{
  "metrics": {
    "MAE": 0.02521258033812046,
    "MSE": 0.0010731576476246119,
    "RMSE": 0.032759085297584534,
    "MAPE": 21.094951629638672,
    "R2": 0.010853767395019531,
    "MASE": 2.627641439437866,
    "SMAPE": 23.62938690185547,
    "Directional_Accuracy": 0.5833333333333334,
    "Classification_Accuracy": 0.5833333333333334,
    "Precision": 0.6354166666666666,
    "Recall": 0.5833333333333334,
    "F1_Score": 0.5987654320987654,
    "Up_Movement_Accuracy": 0.5454545454545454,
    "Down_Movement_Accuracy": 0.6
  },
  "predictions": [
    55.755451841854466,
    55.31656206847387,
    54.98273762383516,
    55.03941174249934,
    55.14459983000356,
    55.37177116789658,
    55.76093849695647,
    56.06523100580699,
    56.35333038426603,
    56.540532351243144,
    56.478439940141016,
    56.023745159880974,
    55.324064319541804,
    54.51890944464125,
    53.37470809966729,
    53.214471895787966,
    53.29133211249021,
    53.641397467877,
    54.06141694073193,
    54.429505781709025,
    54.737037798736736,
    54.632714903228106,
    54.62731498785038,
    54.74108369231678,
    55.113657271072185,
    55.27872223129731,
    55.33070946452065,
    55.154604301592286,
    54.874577598150694,
    54.539011008202266,
    53.91266051883653,
    53.4967479514016,
    53.21111330426049,
    52.64988597076987,
    51.747372371105115,
    50.738069306907775,
    49.47948436103215
  ],
  "targets": [
    54.86999876982401,
    55.61999894140013,
    57.20000050838897,
    58.200001472239535,
    61.84999877884775,
    61.40000191026468,
    60.70999916492457,
    59.54000083788338,
    58.74000183100071,
    56.04000077227724,
    55.61000035047067,
    55.49999967843365,
    55.490001822586606,
    59.16999857739523,
    58.74000183100071,
    59.63000138773185,
    59.6500015099204,
    59.020000601310755,
    59.6100012655433,
    58.67999999427025,
    56.93000032900838,
    57.50000013596997,
    56.66000014962779,
    56.720001251275846,
    56.0900003426662,
    54.36999865543993,
    55.740001879778646,
    54.77999895505795,
    53.38000142809568,
    53.22999977659916,
    52.95999886213616,
    52.88999916955865,
    52.04999918321647,
    51.36999907175907,
    50.04000086983311,
    49.45999916407122,
    49.110000701183665
  ],
  "backtest": {
    "Total_Return": -0.0749402983589056,
    "Final_Value": 9250.597016410944,
    "Portfolio_Values": [
      10000,
      10000.0,
      10273.786694617675,
      10273.786694617675,
      10273.786694617675,
      10273.786694617675,
      10273.786694617675,
      10273.786694617675,
      10273.786694617675,
      10273.786694617675,
      10273.786694617675,
      10253.464388671791,
      10241.365696412395,
      10241.365696412395,
      10241.365696412395,
      10241.365696412395,
      10241.365696412395,
      10241.365696412395,
      10241.365696412395,
      10241.365696412395,
      10241.365696412395,
      10241.365696412395,
      10241.365696412395,
      10241.365696412395,
      10241.365696412395,
      10241.365696412395,
      10241.365696412395,
      10054.914984655095,
      10054.914984655095,
      10026.659948817618,
      9975.801272008448,
      9962.61579169768,
      9804.389335650107,
      9676.301229105744,
      9425.776341650964,
      9316.52441796478,
      9250.597016410944
    ],
    "Returns": [
      0.0,
      0.02737866946176746,
      0.0,
      0.0,
      0.0,
      0.0,
      0.0,
      0.0,
      0.0,
      0.0,
      -0.0019780735720870968,
      -0.001179961406289508,
      0.0,
      0.0,
      0.0,
      0.0,
      0.0,
      0.0,
      0.0,
      0.0,
      0.0,
      0.0,
      0.0,
      0.0,
      0.0,
      0.0,
      -0.018205649254631542,
      0.0,
      -0.0028100720772475645,
      -0.0050723448355469,
      -0.0013217464894539246,
      -0.01588201927644663,
      -0.013064363537524647,
      -0.025890563090493254,
      -0.011590761304553564,
      -0.007076394435966908
    ],
    "Trades": [
      [
        "BUY",
        55.61999894140013,
        179.79144534928446,
        1
      ],
      [
        "SELL",
        57.20000050838897,
        179.79144534928446,
        2
      ],
      [
        "BUY",
        55.61000035047067,
        184.747107172617,
        10
      ],
      [
        "SELL",
        55.490001822586606,
        184.747107172617,
        12
      ],
      [
        "BUY",
        55.740001879778646,
        183.73457752120666,
        26
      ],
      [
        "SELL",
        54.77999895505795,
        183.73457752120666,
        27
      ],
      [
        "BUY",
        53.38000142809568,
        188.36483169074734,
        28
      ]
    ],
    "Number_of_Trades": 7
  },
  "symbol": "NVO"
}