{
  "MAE": 0.026708340272307396,
  "MSE": 0.001295065158046782,
  "RMSE": 0.0359870120882988,
  "MAPE": 6.527016311883926,
  "R2": 0.5801239013671875
}