{
  "MAE": 0.12912379205226898,
  "MSE": 0.02244219183921814,
  "RMSE": 0.1498071849346161,
  "MAPE": 14.495357513427734,
  "R2": -1.710310459136963,
  "MASE": 5.241771697998047,
  "SMAPE": 15.99301815032959,
  "Directional_Accuracy": 0.4722222222222222,
  "Classification_Accuracy": 0.4722222222222222,
  "Precision": 0.4408119658119658,
  "Recall": 0.4722222222222222,
  "F1_Score": 0.4539583949521838,
  "Up_Movement_Accuracy": 0.6521739130434783,
  "Down_Movement_Accuracy": 0.15384615384615385
}