{
  "MAE": 0.032049644738435745,
  "MSE": 0.0016105141257867217,
  "RMSE": 0.040131211280822754,
  "MAPE": 7.7357217669487,
  "R2": 0.4776753783226013
}