{
  "MAE": 0.2878491282463074,
  "MSE": 0.08285711705684662,
  "RMSE": 0.2878491282463074,
  "MAPE": 29.50815200805664,
  "R2": -Infinity,
  "MASE": NaN,
  "SMAPE": 34.61532211303711,
  "Directional_Accuracy": 0.0,
  "Classification_Accuracy": 0.0,
  "Precision": 0.0,
  "Recall": 0.0,
  "F1_Score": 0.0,
  "Up_Movement_Accuracy": 0.0,
  "Down_Movement_Accuracy": 0.0
}