{
  "MAE": 0.12268919497728348,
  "MSE": 0.01587994396686554,
  "RMSE": 0.12601564824581146,
  "MAPE": 139.59083557128906,
  "R2": -13.636788368225098,
  "MASE": 12.786599159240723,
  "SMAPE": 74.76701354980469,
  "Directional_Accuracy": 0.6111111111111112,
  "Classification_Accuracy": 0.6111111111111112,
  "Precision": 0.6308063916759568,
  "Recall": 0.6111111111111112,
  "F1_Score": 0.6192129629629631,
  "Up_Movement_Accuracy": 0.45454545454545453,
  "Down_Movement_Accuracy": 0.68
}