{
  "MAE": 0.12064342200756073,
  "MSE": 0.015231828205287457,
  "RMSE": 0.12341729551553726,
  "MAPE": 145.38417053222656,
  "R2": -11.19089126586914,
  "MASE": 12.549455642700195,
  "SMAPE": 75.65618896484375,
  "Directional_Accuracy": 0.5833333333333334,
  "Classification_Accuracy": 0.5833333333333334,
  "Precision": 0.6428571428571428,
  "Recall": 0.5833333333333334,
  "F1_Score": 0.6028368794326241,
  "Up_Movement_Accuracy": 0.5,
  "Down_Movement_Accuracy": 0.6153846153846154
}