{
  "MAE": 0.05266247317194939,
  "MSE": 0.004558890126645565,
  "RMSE": 0.06751955300569534,
  "MAPE": 7.697240352630615,
  "R2": 0.824999213218689,
  "MASE": 1.6062833070755005,
  "SMAPE": 8.027568817138672,
  "Directional_Accuracy": 0.4722222222222222,
  "Classification_Accuracy": 0.4722222222222222,
  "Precision": 0.4408119658119658,
  "Recall": 0.4722222222222222,
  "F1_Score": 0.4539583949521838,
  "Up_Movement_Accuracy": 0.15384615384615385,
  "Down_Movement_Accuracy": 0.6521739130434783
}