{
  "MAE": 0.038129597902297974,
  "MSE": 0.0019127997802570462,
  "RMSE": 0.0437355674803257,
  "MAPE": 9.353075921535492,
  "R2": 0.3586665987968445
}